attribute,accuracy,f1_score
category,0.7272727272727273,0.628099173553719
silhouette,0.36363636363636365,0.22377622377622375
fabric,0.45454545454545453,0.35353535353535354
neckline,0.7272727272727273,0.7212121212121212
sleeve,0.45454545454545453,0.44999999999999996
length,0.36363636363636365,0.21678321678321677
embellishment,0.2727272727272727,0.34782608695652173
color,0.2727272727272727,0.2727272727272727
